Country,ASFIS species (Name),FAO major fishing area (Name),Detailed production source (Name),Unit (Name),1980,1981,1982,1983,1984,1985,1986,1987,1988,1989,1990,1991,1992,1993,1994,1995,1996,1997,1998,1999,2000
Belgium,Blonde ray,"Atlantic, Northeast",Capture production,Tonnes - live weight,0,0,0,0,0,0,0,0,0,0,0,0,0,0,0,0,0,0,0,0,0
Belgium,Rays and skates nei,"Atlantic, Northeast",Capture production,Tonnes - live weight,1448,1444,1466,1869,2180,2197,1790,1816,1572,1477,1299,1322,1385,1430,1307,1275,1363,1259,1232,1351,1231
Belgium,Sandy ray,"Atlantic, Northeast",Capture production,Tonnes - live weight,0,0,0,0,0,0,0,0,0,0,0,0,0,0,0,0,0,0,0,0,0
Belgium,Small-eyed ray,"Atlantic, Northeast",Capture production,Tonnes - live weight,0,0,0,0,0,0,0,0,0,0,0,0,0,0,0,0,0,0,0,0,0
Belgium,Small-spotted catshark,"Atlantic, Northeast",Capture production,Tonnes - live weight,0,0,0,0,0,0,0,0,0,0,0,0,0,0,0,0,0,0,0,0,0
Belgium,Spotted ray,"Atlantic, Northeast",Capture production,Tonnes - live weight,0,0,0,0,0,0,0,0,0,0,0,0,0,0,0,0,0,0,0,0,0
Belgium,Starry ray,"Atlantic, Northeast",Capture production,Tonnes - live weight,0,0,0,0,0,0,0,0,0,0,0,0,0,0,0,0,0,0,0,0,0
Belgium,Thornback ray,"Atlantic, Northeast",Capture production,Tonnes - live weight,0,0,0,0,0,0,0,0,0,0,0,0,0,0,0,0,0,0,0,0,0
Belgium,Undulate ray,"Atlantic, Northeast",Capture production,Tonnes - live weight,0,0,0,0,0,0,0,0,0,0,0,0,0,0,0,0,0,0,0,0,0
Belgium,Various sharks nei,"Atlantic, Northeast",Capture production,Tonnes - live weight,0,0,0,0,0,0,0,0,0,24,16,16,23,22,19,20,19,18,11,14,15
Chile,Blue shark,"Pacific, Southeast",Capture production,Tonnes - live weight,0,0,0,0,0,24,33,88,141,131,4,212,175,237,33,39,11,114,10,7,262
Chile,Plownose chimaera,"Pacific, Southeast",Capture production,Tonnes - live weight,1289,1951,939,921,953,864,724,840,2532,3814,2900,3264,4729,2516,1570,920,1450,822,1416,632,603
Chile,"Rays, stingrays, mantas nei","Atlantic, Antarctic",Capture production,Tonnes - live weight,0,0,0,0,0,0,0,0,0,0,0,0,0,0,0,20,21,0,0,0,0
Chile,"Rays, stingrays, mantas nei","Atlantic, Southwest",Capture production,Tonnes - live weight,0,0,0,0,0,0,0,0,1,0,0,47,0,0,16,0,0,0,4,4,0
Chile,"Rays, stingrays, mantas nei","Indian Ocean, Antarctic",Capture production,Tonnes - live weight,0,0,0,0,0,0,0,0,0,0,0,0,0,0,0,0,0,0,0,0,0
Chile,"Rays, stingrays, mantas nei","Pacific, Antarctic",Capture production,Tonnes - live weight,0,0,0,0,0,0,0,0,0,0,0,0,0,0,0,0,0,0,0,0,0
Chile,"Rays, stingrays, mantas nei","Pacific, Southeast",Capture production,Tonnes - live weight,2437,796,566,557,483,1016,1377,1173,1556,2020,1317,1124,1239,1971,2899,2622,2675,2958,2011,3365,4151
Chile,"Sharks, rays, skates, etc. nei","Atlantic, Southwest",Capture production,Tonnes - live weight,0,0,0,0,0,0,0,0,0,0,0,0,0,0,0,0,0,0,0,0,0
Chile,Southern rays bream,"Pacific, Southeast",Capture production,Tonnes - live weight,0,0,0,0,0,0,0,0,0,0,0,0,0,0,1186,3930,5585,5998,6332,6830,8160
France,Angelshark,"Atlantic, Northeast",Capture production,Tonnes - live weight,25,0,20,15,14,31,18,18,15,4,3,1,1,2,2,2,1,0,0,1,1
France,Arctic skate,"Atlantic, Northeast",Capture production,Tonnes - live weight,0,0,0,0,0,0,0,0,0,0,0,0,0,0,0,0,0,0,0,0,0
France,Arrowhead dogfish,"Atlantic, Northeast",Capture production,Tonnes - live weight,0,0,0,0,0,0,0,0,0,0,0,0,0,0,0,0,0,0,0,0,0
France,Basking shark,"Atlantic, Northeast",Capture production,Tonnes - live weight,0,0,0,0,0,0,0,0,0,0,0,0,0,0,0,0,0,1,0,3,0
France,Bathyraja rays nei,"Indian Ocean, Antarctic",Capture production,Tonnes - live weight,0,0,0,0,0,0,0,0,0,0,0,0,0,0,0,0,0,0,0,0,0
France,Blackmouth catshark,"Atlantic, Northeast",Capture production,Tonnes - live weight,0,0,0,0,0,0,0,0,0,0,0,0,0,0,0,0,0,0,0,0,0
France,Blonde ray,"Atlantic, Northeast",Capture production,Tonnes - live weight,0,0,0,0,0,0,0,0,0,0,0,0,0,0,0,0,0,0,0,0,0
France,Blonde ray,Mediterranean and Black Sea,Capture production,Tonnes - live weight,0,0,0,0,0,0,0,0,0,0,0,0,0,0,0,0,0,0,0,0,0
France,Blue shark,"Atlantic, Northeast",Capture production,Tonnes - live weight,12,0,9,8,14,39,50,67,91,79,130,187,276,322,350,266,278,213,163,230,395
France,Blue shark,"Indian Ocean, Western",Capture production,Tonnes - live weight,0,0,0,0,0,0,0,0,0,0,0,0,0,0,0,0,0,0,0,0,0
France,Blue shark,Mediterranean and Black Sea,Capture production,Tonnes - live weight,0,0,0,0,0,0,0,0,0,0,0,0,0,0,0,0,0,0,0,3,1
France,Blue skate,"Atlantic, Northeast",Capture production,Tonnes - live weight,259,0,196,144,177,326,438,386,356,368,383,312,266,245,239,285,295,314,296,467,653
France,Bluntnose sixgill shark,"Atlantic, Northeast",Capture production,Tonnes - live weight,0,0,0,0,0,0,0,0,0,0,0,0,0,0,0,0,0,0,0,0,0
France,Bluntnose sixgill shark,"Indian Ocean, Western",Capture production,Tonnes - live weight,0,0,0,0,0,0,0,0,0,0,0,0,0,0,0,0,0,0,0,0,0
France,"Catsharks, etc. nei","Atlantic, Northeast",Capture production,Tonnes - live weight,0,0,0,0,0,0,0,0,0,0,0,0,0,0,0,0,0,0,0,0,0
France,"Catsharks, nursehounds nei","Atlantic, Northeast",Capture production,Tonnes - live weight,0,0,0,0,0,0,0,0,0,0,1,4,1,1,7,8,18,6,51,13,68
France,"Catsharks, nursehounds nei",Mediterranean and Black Sea,Capture production,Tonnes - live weight,0,0,0,0,0,0,0,0,0,0,0,0,0,0,0,0,0,0,0,0,0
France,Common eagle ray,"Atlantic, Northeast",Capture production,Tonnes - live weight,8,0,0,21,11,9,9,12,3,9,3,5,5,3,2,2,0,0,0,2,2
France,Common stingray,"Atlantic, Northeast",Capture production,Tonnes - live weight,0,0,0,0,0,0,0,0,0,0,0,0,0,0,0,0,0,0,0,0,0
France,Dogfish sharks nei,"Atlantic, Northeast",Capture production,Tonnes - live weight,0,4845,462,167,266,248,326,236,204,298,723,1243,3259,3610,3421,3125,3135,2811,2288,3077,4224
France,Dogfish sharks nei,Mediterranean and Black Sea,Capture production,Tonnes - live weight,0,0,0,0,0,0,0,0,0,0,0,0,0,0,0,0,0,0,0,0,12
France,Eaton's skate,"Indian Ocean, Antarctic",Capture production,Tonnes - live weight,0,0,0,0,0,0,0,0,0,0,0,0,0,0,0,0,0,0,0,0,0
France,Gulper shark,"Atlantic, Northeast",Capture production,Tonnes - live weight,0,0,0,0,0,0,0,0,0,0,0,0,0,0,0,0,0,0,0,0,0
France,Kerguelen sandpaper skate,"Indian Ocean, Antarctic",Capture production,Tonnes - live weight,0,0,0,0,0,0,0,0,0,0,0,0,0,0,0,0,0,0,0,0,0
France,Kitefin shark,"Atlantic, Northeast",Capture production,Tonnes - live weight,0,0,0,0,0,0,0,0,0,0,0,0,0,0,0,0,0,0,0,0,0
France,Leafscale gulper shark,"Atlantic, Northeast",Capture production,Tonnes - live weight,0,0,0,0,0,0,0,0,0,0,0,0,0,0,0,0,0,0,0,0,0
France,Little sleeper shark,"Atlantic, Northeast",Capture production,Tonnes - live weight,0,0,0,0,0,0,0,0,0,0,0,0,0,0,0,0,0,0,0,0,0
France,Longnosed skate,"Atlantic, Northeast",Capture production,Tonnes - live weight,0,0,19,104,102,71,0,200,94,139,156,258,393,387,347,359,346,311,327,194,140
France,Longnosed skate,Mediterranean and Black Sea,Capture production,Tonnes - live weight,0,0,0,0,0,0,0,0,0,0,0,0,0,0,0,0,0,0,0,0,0
France,Mediterranean starry ray,"Atlantic, Northeast",Capture production,Tonnes - live weight,0,0,0,0,0,0,0,0,0,0,0,0,0,0,0,0,0,0,0,0,0
France,Mediterranean starry ray,Mediterranean and Black Sea,Capture production,Tonnes - live weight,0,0,0,0,0,0,0,0,0,0,0,0,0,0,0,0,0,0,0,0,0
France,Mouse catshark,"Atlantic, Northeast",Capture production,Tonnes - live weight,0,0,0,0,0,0,0,0,0,0,0,0,0,0,0,0,0,0,0,0,0
France,Pelagic stingray,"Atlantic, Northeast",Capture production,Tonnes - live weight,0,0,0,0,0,0,0,0,0,0,0,0,0,0,0,0,0,0,0,0,0
France,Rays and skates nei,"Atlantic, Northeast",Capture production,Tonnes - live weight,12538,21537,7343,7687,6435,3242,3932,4679,5294,3994,3954,3846,3276,3438,2967,2752,2902,3196,2870,3408,3111
France,Rays and skates nei,"Atlantic, Northwest",Capture production,Tonnes - live weight,471,207,0,54,624,787,660,180,134,95,3,0,0,0,0,0,0,0,0,0,0
France,Rays and skates nei,"Indian Ocean, Antarctic",Capture production,Tonnes - live weight,0,0,0,0,0,0,0,0,0,0,0,0,0,0,0,0,0,0,0,0,0
France,"Rays, stingrays, mantas nei","Atlantic, Eastern Central",Capture production,Tonnes - live weight,0,0,0,0,0,0,0,0,0,0,0,0,0,0,0,0,0,0,0,0,0
France,"Rays, stingrays, mantas nei","Atlantic, Southeast",Capture production,Tonnes - live weight,0,0,0,0,0,0,0,0,0,0,0,0,0,0,0,0,0,0,0,0,0
France,"Rays, stingrays, mantas nei","Atlantic, Southwest",Capture production,Tonnes - live weight,0,0,0,0,0,0,0,0,0,0,0,0,0,0,20,5,9,3,1,0,0
France,"Rays, stingrays, mantas nei","Indian Ocean, Antarctic",Capture production,Tonnes - live weight,0,0,0,1,17,7,0,0,0,0,0,0,0,0,2,0,0,4,21,30,87
France,"Rays, stingrays, mantas nei",Mediterranean and Black Sea,Capture production,Tonnes - live weight,311,252,279,270,246,9,7,6,0,215,174,198,172,135,86,15,75,75,75,46,70
France,Sandy ray,"Atlantic, Northeast",Capture production,Tonnes - live weight,0,0,0,0,0,0,0,0,0,0,498,503,430,356,397,431,438,438,410,435,369
France,Shagreen ray,"Atlantic, Northeast",Capture production,Tonnes - live weight,0,0,0,372,113,89,43,67,63,83,105,69,88,71,56,51,46,39,38,65,38
France,"Sharks, rays, skates, etc. nei","Atlantic, Eastern Central",Capture production,Tonnes - live weight,0,0,0,0,0,0,0,0,0,0,0,0,0,0,0,0,0,0,0,0,0
France,"Sharks, rays, skates, etc. nei","Atlantic, Northeast",Capture production,Tonnes - live weight,837,58,380,5,0,0,0,0,0,0,0,8,18,0,0,2,0,0,0,0,0
France,"Sharks, rays, skates, etc. nei","Atlantic, Southeast",Capture production,Tonnes - live weight,0,0,0,0,0,0,0,0,0,0,0,0,0,0,0,0,0,0,0,0,0
France,"Sharks, rays, skates, etc. nei","Indian Ocean, Western",Capture production,Tonnes - live weight,0,0,0,0,0,0,0,0,0,0,0,0,0,0,0,0,0,0,0,0,0
France,"Sharks, rays, skates, etc. nei",Mediterranean and Black Sea,Capture production,Tonnes - live weight,139,154,164,150,47,0,7,0,0,0,0,0,0,0,0,0,28,0,0,43,0
France,Small-eyed ray,"Atlantic, Northeast",Capture production,Tonnes - live weight,0,0,0,0,0,0,0,0,0,0,0,0,0,0,0,0,0,0,1,11,0
France,Small-spotted catshark,"Atlantic, Northeast",Capture production,Tonnes - live weight,5475,0,6318,7133,5974,6017,7519,6767,7707,6282,6132,5981,5247,5019,4975,5022,4871,5338,5480,5707,5914
France,Small-spotted catshark,Mediterranean and Black Sea,Capture production,Tonnes - live weight,0,0,0,0,0,0,0,0,0,0,0,0,0,0,0,0,0,0,0,0,30
France,Spotted ray,"Atlantic, Northeast",Capture production,Tonnes - live weight,0,0,115,200,438,939,1180,757,943,892,927,992,1172,1120,953,925,977,1163,1179,1260,1341
France,Spotted ray,Mediterranean and Black Sea,Capture production,Tonnes - live weight,0,0,0,0,0,0,0,0,0,0,0,0,0,0,0,0,0,0,0,0,0
France,Starry ray,"Atlantic, Northeast",Capture production,Tonnes - live weight,0,0,0,0,0,0,0,0,0,0,0,0,0,0,0,0,0,0,0,0,0
France,Stingrays nei,"Atlantic, Northeast",Capture production,Tonnes - live weight,0,0,6,0,0,0,0,0,0,0,2,2,3,1,2,0,1,2,5,6,10
France,Thornback ray,"Atlantic, Northeast",Capture production,Tonnes - live weight,1951,0,3006,2017,1910,3417,3544,3079,2970,2547,2601,2609,2255,1745,1577,1749,1756,1579,1343,1290,1222
France,Thornback ray,Mediterranean and Black Sea,Capture production,Tonnes - live weight,0,0,0,0,0,0,0,0,0,0,0,0,0,0,0,0,0,0,0,45,29
France,Tope shark,"Atlantic, Northeast",Capture production,Tonnes - live weight,0,0,1014,1669,478,422,1257,602,705,458,408,445,279,291,301,317,403,454,369,386,450
France,Tope shark,Mediterranean and Black Sea,Capture production,Tonnes - live weight,0,0,0,0,0,0,0,0,0,0,0,0,0,0,0,0,0,0,0,0,0
France,Torpedo rays,"Atlantic, Northeast",Capture production,Tonnes - live weight,0,0,0,0,1,6,11,1,4,14,17,19,15,21,21,20,16,18,19,34,32
France,Undulate ray,"Atlantic, Northeast",Capture production,Tonnes - live weight,0,0,0,0,0,0,0,0,0,0,0,0,0,0,0,0,0,0,0,0,0
France,Undulate ray,Mediterranean and Black Sea,Capture production,Tonnes - live weight,0,0,0,0,0,0,0,0,0,0,0,0,0,0,0,0,0,0,0,0,0
France,White skate,"Atlantic, Northeast",Capture production,Tonnes - live weight,0,0,0,0,0,0,0,0,0,0,0,0,0,0,0,0,0,0,0,0,0
France,White skate,Mediterranean and Black Sea,Capture production,Tonnes - live weight,0,0,0,0,0,0,0,0,0,0,0,0,0,0,0,0,0,0,0,0,0
France,Whiteleg skate,"Indian Ocean, Antarctic",Capture production,Tonnes - live weight,0,0,0,0,0,0,0,0,0,0,0,0,0,0,0,0,0,0,0,0,0
Germany,Dogfish sharks nei,"Atlantic, Northeast",Capture production,Tonnes - live weight,0,0,0,0,0,0,0,0,0,0,0,0,0,0,0,0,19,12,16,235,271
Germany,Dogfish sharks nei,"Atlantic, Northwest",Capture production,Tonnes - live weight,23,16,12,60,45,36,42,4,0,1,0,0,0,0,0,0,0,0,0,0,0
Germany,Dogfish sharks nei,"Pacific, Northeast",Capture production,Tonnes - live weight,0,0,0,0,0,0,0,0,0,0,0,0,0,0,0,0,0,0,0,0,0
Germany,Greenland shark,"Atlantic, Northeast",Capture production,Tonnes - live weight,0,0,0,0,0,6,0,0,0,0,0,0,0,0,0,0,0,0,0,0,0
Germany,Kitefin shark,"Atlantic, Northeast",Capture production,Tonnes - live weight,0,0,0,0,0,0,0,0,0,0,0,0,0,0,0,0,0,0,0,0,0
Germany,Leafscale gulper shark,"Atlantic, Northeast",Capture production,Tonnes - live weight,0,0,0,0,0,0,0,0,0,0,0,0,0,0,0,0,0,0,0,0,0
Germany,Rays and skates nei,"Atlantic, Northeast",Capture production,Tonnes - live weight,95,57,14,12,121,134,109,103,84,36,56,6,3,20,57,35,65,74,81,102,130
Germany,Rays and skates nei,"Atlantic, Northwest",Capture production,Tonnes - live weight,14,39,104,261,355,179,200,176,155,121,0,0,0,0,2,0,0,0,0,0,0
Germany,"Rays, stingrays, mantas nei","Atlantic, Antarctic",Capture production,Tonnes - live weight,9,43,0,0,28,0,1,0,0,0,0,0,0,0,0,0,0,0,0,0,0
Germany,"Rays, stingrays, mantas nei","Atlantic, Eastern Central",Capture production,Tonnes - live weight,0,22,4,2,0,0,0,0,0,0,0,0,0,0,0,0,0,0,0,0,0
Germany,"Rays, stingrays, mantas nei","Atlantic, Southeast",Capture production,Tonnes - live weight,0,0,0,0,29,0,0,0,0,0,0,0,0,0,0,0,0,0,0,0,0
Germany,"Rays, stingrays, mantas nei","Atlantic, Southwest",Capture production,Tonnes - live weight,2,0,0,0,0,0,5,0,0,1,0,0,0,0,0,0,0,0,0,0,0
Germany,"Sharks, rays, skates, etc. nei","Atlantic, Eastern Central",Capture production,Tonnes - live weight,0,0,4,3,0,0,0,0,0,0,0,0,0,0,0,0,0,0,0,0,0
Germany,"Sharks, rays, skates, etc. nei","Atlantic, Southwest",Capture production,Tonnes - live weight,0,0,0,0,0,0,0,0,0,0,0,0,0,0,0,0,0,0,0,0,0
Germany,Southern rays bream,"Pacific, Southeast",Capture production,Tonnes - live weight,0,0,0,0,0,0,0,0,0,0,0,0,0,0,0,0,0,0,0,0,0
Germany,Spotted ray,"Atlantic, Northeast",Capture production,Tonnes - live weight,0,0,0,0,0,0,0,0,0,0,0,0,0,0,0,0,0,0,0,0,0
Germany,Starry ray,"Atlantic, Northeast",Capture production,Tonnes - live weight,0,0,0,0,0,0,0,0,0,0,0,0,0,0,0,0,0,0,0,0,0
Germany,Thornback ray,"Atlantic, Northeast",Capture production,Tonnes - live weight,0,0,0,0,0,0,0,0,0,0,0,0,0,0,0,0,0,0,0,0,0
Germany,Various sharks nei,"Atlantic, Northeast",Capture production,Tonnes - live weight,40,90,65,129,43,42,24,5,2,2,1,2,2,133,440,292,309,139,110,0,0
Ghana,Blue shark,"Atlantic, Eastern Central",Capture production,Tonnes - live weight,0,0,0,0,0,0,0,0,0,0,0,0,0,0,0,0,0,0,0,0,0
Ghana,"Hammerhead sharks, etc. nei","Atlantic, Eastern Central",Capture production,Tonnes - live weight,0,0,0,0,0,0,0,0,0,0,0,0,0,0,0,0,0,0,0,0,0
Ghana,"Rays, stingrays, mantas nei","Atlantic, Eastern Central",Capture production,Tonnes - live weight,455,365,581,772,632,333,219,980,525,484,232,189,231,272,296,338,261,185,172,869,231
Ghana,"Rays, stingrays, mantas nei","Atlantic, Southeast",Capture production,Tonnes - live weight,16,0,0,0,0,0,0,0,0,0,0,0,0,0,0,0,0,0,0,0,0
Ghana,"Sharks, rays, skates, etc. nei","Atlantic, Eastern Central",Capture production,Tonnes - live weight,754,531,905,265,489,802,510,1632,1893,1845,1347,951,914,1981,1171,1115,1106,709,1764,3998,1670
Ghana,"Sharks, rays, skates, etc. nei","Atlantic, Southeast",Capture production,Tonnes - live weight,3,0,0,0,0,0,0,0,0,0,0,0,0,0,0,0,0,0,0,0,0
Italy,Blackmouth catshark,Mediterranean and Black Sea,Capture production,Tonnes - live weight,0,0,0,0,0,0,0,0,0,0,0,0,0,0,0,0,0,0,0,0,0
Italy,Blonde ray,Mediterranean and Black Sea,Capture production,Tonnes - live weight,0,0,0,0,0,0,0,0,0,0,0,0,0,0,0,0,0,0,0,0,0
Italy,Blue shark,Mediterranean and Black Sea,Capture production,Tonnes - live weight,0,0,0,0,0,0,0,0,0,0,0,0,0,0,0,0,0,0,0,0,0
Italy,Blue skate,Mediterranean and Black Sea,Capture production,Tonnes - live weight,0,0,0,0,0,0,0,0,0,0,0,0,0,0,0,0,0,0,0,0,0
Italy,Brown ray,Mediterranean and Black Sea,Capture production,Tonnes - live weight,0,0,0,0,0,0,0,0,0,0,0,0,0,0,0,0,0,0,0,0,0
Italy,Common eagle ray,Mediterranean and Black Sea,Capture production,Tonnes - live weight,0,0,0,0,0,0,0,0,0,0,0,0,0,0,0,0,0,0,0,0,0
Italy,Dogfish sharks nei,"Atlantic, Northwest",Capture production,Tonnes - live weight,0,0,0,0,0,0,0,0,0,0,0,0,0,0,0,0,0,0,0,0,0
Italy,Dogfish sharks nei,Mediterranean and Black Sea,Capture production,Tonnes - live weight,0,0,0,0,0,0,0,0,0,0,0,0,0,0,0,0,0,0,0,0,0
Italy,Longnosed skate,Mediterranean and Black Sea,Capture production,Tonnes - live weight,0,0,0,0,0,0,0,0,0,0,0,0,0,0,0,0,0,0,0,0,0
Italy,Mediterranean starry ray,Mediterranean and Black Sea,Capture production,Tonnes - live weight,0,0,0,0,0,0,0,0,0,0,0,0,0,0,0,0,0,0,0,0,0
Italy,Rays and skates nei,"Atlantic, Northeast",Capture production,Tonnes - live weight,0,0,0,0,0,0,0,0,0,0,0,0,0,0,0,0,0,0,0,0,0
Italy,Rays and skates nei,"Atlantic, Northwest",Capture production,Tonnes - live weight,0,0,0,0,0,0,0,0,0,0,0,0,0,0,0,0,0,0,0,0,0
Italy,"Rays, stingrays, mantas nei","Atlantic, Eastern Central",Capture production,Tonnes - live weight,184,13,4,0,0,22,190,177,224,200,323,1136,1618,1372,1372,26,6,0,0,0,0
Italy,"Rays, stingrays, mantas nei","Atlantic, Southeast",Capture production,Tonnes - live weight,27,0,0,0,0,90,0,20,90,55,0,0,0,0,0,0,0,0,0,0,0
Italy,"Rays, stingrays, mantas nei","Atlantic, Southwest",Capture production,Tonnes - live weight,0,0,0,0,0,0,0,30,0,60,81,284,216,183,183,3,1,0,0,0,0
Italy,"Rays, stingrays, mantas nei","Indian Ocean, Western",Capture production,Tonnes - live weight,0,0,0,0,0,0,0,25,26,60,135,473,324,274,274,5,1,0,0,0,0
Italy,"Rays, stingrays, mantas nei",Mediterranean and Black Sea,Capture production,Tonnes - live weight,1793,1331,1147,1822,4705,4567,4270,4327,4467,2994,3539,3689,3086,3011,2358,4552,2301,5325,2807,1117,507
Italy,"Sharks, rays, skates, etc. nei","Atlantic, Eastern Central",Capture production,Tonnes - live weight,319,0,194,162,1187,817,553,810,951,900,932,1403,2023,1715,1715,0,0,0,0,0,0
Italy,"Sharks, rays, skates, etc. nei","Atlantic, Southeast",Capture production,Tonnes - live weight,0,0,0,0,0,0,359,120,112,200,0,0,0,0,0,0,0,0,0,0,0
Italy,"Sharks, rays, skates, etc. nei","Atlantic, Southwest",Capture production,Tonnes - live weight,0,0,0,0,0,0,0,112,0,200,232,351,270,229,229,0,0,0,0,0,0
Italy,"Sharks, rays, skates, etc. nei","Indian Ocean, Western",Capture production,Tonnes - live weight,270,168,0,0,0,0,0,116,237,200,388,585,405,343,343,0,0,0,0,0,0
Italy,"Sharks, rays, skates, etc. nei",Mediterranean and Black Sea,Capture production,Tonnes - live weight,0,0,0,0,0,0,0,0,0,0,0,0,0,0,0,0,0,0,0,0,0
Italy,Small-spotted catshark,Mediterranean and Black Sea,Capture production,Tonnes - live weight,0,0,0,0,0,0,0,0,0,0,0,0,0,0,0,0,0,0,0,0,0
Italy,Spotted ray,Mediterranean and Black Sea,Capture production,Tonnes - live weight,0,0,0,0,0,0,0,0,0,0,0,0,0,0,0,0,0,0,0,0,0
Italy,"Stingrays, butterfly rays nei",Mediterranean and Black Sea,Capture production,Tonnes - live weight,0,0,0,0,0,0,0,0,0,0,0,0,0,0,0,0,0,0,0,0,0
Italy,Thornback ray,Mediterranean and Black Sea,Capture production,Tonnes - live weight,0,0,0,0,0,0,0,0,0,0,0,0,0,0,0,0,0,0,0,0,0
Italy,White skate,Mediterranean and Black Sea,Capture production,Tonnes - live weight,0,0,0,0,0,0,0,0,0,0,0,0,0,0,0,0,0,0,0,0,0
Netherlands,Arctic skate,"Atlantic, Northeast",Capture production,Tonnes - live weight,0,0,0,0,0,0,0,0,0,0,0,0,0,0,0,0,0,0,0,0,0
Netherlands,Arrowhead dogfish,"Atlantic, Northeast",Capture production,Tonnes - live weight,0,0,0,0,0,0,0,0,0,0,0,0,0,0,0,0,0,0,0,0,0
Netherlands,Blonde ray,"Atlantic, Northeast",Capture production,Tonnes - live weight,0,0,0,0,0,0,0,0,0,0,0,0,0,0,0,0,0,0,0,0,0
Netherlands,Blue shark,"Atlantic, Northeast",Capture production,Tonnes - live weight,0,0,0,0,0,0,0,0,0,0,0,0,0,0,0,0,0,0,0,0,0
Netherlands,Blue skate,"Atlantic, Northeast",Capture production,Tonnes - live weight,0,0,0,0,0,0,0,0,0,0,0,0,0,0,0,0,0,0,0,0,0
Netherlands,"Catsharks, nursehounds nei","Atlantic, Northeast",Capture production,Tonnes - live weight,0,0,0,0,0,0,0,0,0,0,0,0,0,0,0,0,0,0,0,0,0
Netherlands,Dogfish sharks nei,"Atlantic, Northeast",Capture production,Tonnes - live weight,0,0,0,0,0,0,0,0,0,0,0,0,0,0,0,0,0,0,0,0,0
Netherlands,Rays and skates nei,"Atlantic, Northeast",Capture production,Tonnes - live weight,308,280,344,410,0,0,0,0,0,0,0,0,0,0,0,0,0,0,550,480,631
Netherlands,Sandy ray,"Atlantic, Northeast",Capture production,Tonnes - live weight,0,0,0,0,0,0,0,0,0,0,0,0,0,0,0,0,0,0,0,0,0
Netherlands,"Sharks, rays, skates, etc. nei","Atlantic, Eastern Central",Capture production,Tonnes - live weight,0,0,0,0,0,0,0,0,0,0,0,0,0,0,0,0,0,0,0,0,0
Netherlands,Small-spotted catshark,"Atlantic, Northeast",Capture production,Tonnes - live weight,0,0,0,0,0,0,0,0,0,0,0,0,0,0,0,0,0,0,0,0,0
Netherlands,Southern rays bream,"Pacific, Southeast",Capture production,Tonnes - live weight,0,0,0,0,0,0,0,0,0,0,0,0,0,0,0,0,0,0,0,0,0
Netherlands,Spotted ray,"Atlantic, Northeast",Capture production,Tonnes - live weight,0,0,0,0,0,0,0,0,0,0,0,0,0,0,0,0,0,0,0,0,0
Netherlands,Thornback ray,"Atlantic, Northeast",Capture production,Tonnes - live weight,0,0,0,0,0,0,0,0,0,0,0,0,0,0,0,0,0,0,0,0,0
Netherlands,Tiger shark,"Atlantic, Northeast",Capture production,Tonnes - live weight,0,0,0,0,0,0,0,0,0,0,0,0,0,0,0,0,0,0,0,0,0
Netherlands,Tope shark,"Atlantic, Northeast",Capture production,Tonnes - live weight,0,0,0,0,0,0,0,0,0,0,0,0,0,0,0,0,0,0,0,0,0
Netherlands,Various sharks nei,"Atlantic, Northeast",Capture production,Tonnes - live weight,0,0,0,0,0,0,0,0,0,0,0,0,0,0,0,0,0,0,0,0,0
Norway,Basking shark,"Atlantic, Northeast",Capture production,Tonnes - live weight,8027,3881,4646,3794,4442,3156,2465,352,228,1278,1932,1623,3658,2910,1762,108,1979,1159,137,77,293
Norway,Blackmouth catshark,"Atlantic, Northeast",Capture production,Tonnes - live weight,0,0,0,0,0,0,0,0,0,0,0,0,0,0,0,0,0,0,0,0,0
Norway,Blue skate,"Atlantic, Northeast",Capture production,Tonnes - live weight,0,0,0,0,0,0,0,0,0,0,0,0,0,0,0,0,0,0,0,0,72
Norway,Dogfish sharks nei,"Atlantic, Northeast",Capture production,Tonnes - live weight,0,0,0,0,0,0,0,0,0,0,0,0,0,0,0,0,0,0,0,0,118
Norway,Dogfish sharks nei,"Atlantic, Northwest",Capture production,Tonnes - live weight,0,0,0,0,0,0,0,0,0,0,0,0,0,0,0,0,0,0,0,0,0
Norway,Leafscale gulper shark,"Atlantic, Northeast",Capture production,Tonnes - live weight,0,0,0,0,0,0,0,0,0,0,0,0,0,0,0,0,0,0,0,0,0
Norway,Longnosed skate,"Atlantic, Northeast",Capture production,Tonnes - live weight,0,0,0,0,0,0,0,0,0,0,0,0,0,0,0,0,0,0,0,0,0
Norway,Rays and skates nei,"Atlantic, Northeast",Capture production,Tonnes - live weight,1535,1033,912,1325,1274,1097,975,1076,820,1348,1036,998,988,1112,1060,951,795,591,752,791,704
Norway,Rays and skates nei,"Atlantic, Northwest",Capture production,Tonnes - live weight,0,0,0,3,0,0,0,0,0,11,0,30,1,7,0,0,3,0,0,0,0
Norway,"Rays, stingrays, mantas nei","Pacific, Antarctic",Capture production,Tonnes - live weight,0,0,0,0,0,0,0,0,0,0,0,0,0,0,0,0,0,0,0,0,0
Norway,Spinetail ray,"Atlantic, Northeast",Capture production,Tonnes - live weight,0,0,0,0,0,0,0,0,0,0,0,0,0,0,0,0,0,0,0,0,0
Norway,Starry ray,"Atlantic, Northeast",Capture production,Tonnes - live weight,0,0,0,0,0,0,0,0,0,0,0,0,0,0,0,0,0,0,0,0,0
Norway,Thornback ray,"Atlantic, Northeast",Capture production,Tonnes - live weight,0,0,0,0,0,0,0,0,0,0,0,0,0,0,0,0,0,0,0,0,2
Norway,Various sharks nei,"Atlantic, Northeast",Capture production,Tonnes - live weight,1,1,0,0,1,1,1,0,0,0,0,0,0,0,0,0,0,1,0,13,1
Norway,White skate,"Atlantic, Northeast",Capture production,Tonnes - live weight,0,0,0,0,0,0,0,0,0,0,0,0,0,0,0,0,0,0,0,0,0
Poland,Dogfish sharks nei,"Atlantic, Northwest",Capture production,Tonnes - live weight,7,0,0,29,11,73,17,7,16,0,0,0,0,0,0,0,0,0,0,0,0
Poland,Rays and skates nei,"Atlantic, Northeast",Capture production,Tonnes - live weight,0,0,0,0,0,0,0,0,0,0,0,0,0,0,0,0,0,0,0,0,0
Poland,Rays and skates nei,"Atlantic, Northwest",Capture production,Tonnes - live weight,6,35,7,199,93,54,2,19,64,0,0,0,0,0,0,0,0,0,0,0,0
Poland,"Rays, stingrays, mantas nei","Atlantic, Antarctic",Capture production,Tonnes - live weight,124,12,1,0,19,13,7,0,0,0,0,0,0,0,0,0,0,0,0,0,0
Poland,"Rays, stingrays, mantas nei","Atlantic, Southeast",Capture production,Tonnes - live weight,0,0,0,0,0,0,0,0,0,0,0,0,0,0,0,0,0,0,0,0,0
Poland,"Rays, stingrays, mantas nei","Atlantic, Southwest",Capture production,Tonnes - live weight,831,137,94,0,0,28,0,0,15,0,0,0,0,0,0,0,0,0,0,0,0
Poland,"Sharks, rays, skates, etc. nei","Atlantic, Northeast",Capture production,Tonnes - live weight,0,0,0,0,0,0,0,0,0,0,0,0,0,0,0,0,0,0,0,0,0
Poland,"Sharks, rays, skates, etc. nei","Atlantic, Southeast",Capture production,Tonnes - live weight,0,0,0,0,0,0,0,0,0,0,0,0,0,0,1,0,0,0,0,0,0
Poland,Southern rays bream,"Pacific, Southeast",Capture production,Tonnes - live weight,0,0,0,0,0,0,0,0,0,0,0,0,0,0,0,0,0,0,0,0,0
Portugal,"Angelsharks, sand devils nei","Atlantic, Northeast",Capture production,Tonnes - live weight,0,0,0,0,0,0,0,0,0,0,0,0,0,0,0,0,0,0,0,0,1
Portugal,"Angelsharks, sand devils nei","Atlantic, Southeast",Capture production,Tonnes - live weight,0,0,0,0,0,0,0,0,0,0,0,0,0,0,0,0,0,0,0,0,0
Portugal,Angular roughshark,"Atlantic, Northeast",Capture production,Tonnes - live weight,0,0,0,0,0,0,0,0,0,0,0,0,0,0,0,0,0,0,0,81,33
Portugal,Arrowhead dogfish,"Atlantic, Northeast",Capture production,Tonnes - live weight,0,0,0,0,0,0,0,0,0,0,0,0,0,0,0,0,0,0,0,0,0
Portugal,Basking shark,"Atlantic, Northeast",Capture production,Tonnes - live weight,0,0,0,0,0,0,0,1,0,0,0,0,0,0,1,1,1,1,0,1,1
Portugal,Blackmouth catshark,"Atlantic, Eastern Central",Capture production,Tonnes - live weight,0,0,0,0,0,0,0,0,0,0,0,0,0,0,0,0,0,0,0,0,0
Portugal,Blackmouth catshark,"Atlantic, Northeast",Capture production,Tonnes - live weight,0,0,0,0,0,0,0,0,0,0,0,0,0,0,0,0,0,0,0,23,45
Portugal,Blonde ray,"Atlantic, Eastern Central",Capture production,Tonnes - live weight,0,0,0,0,0,0,0,0,0,0,0,0,0,0,0,0,0,0,0,0,0
Portugal,Blonde ray,"Atlantic, Northeast",Capture production,Tonnes - live weight,0,0,0,0,0,0,0,0,0,0,0,0,0,0,0,0,0,0,0,0,0
Portugal,Blue shark,"Atlantic, Eastern Central",Capture production,Tonnes - live weight,0,0,0,0,0,0,0,0,0,0,0,0,0,0,0,0,0,0,0,0,351
Portugal,Blue shark,"Atlantic, Northeast",Capture production,Tonnes - live weight,0,0,0,0,0,0,0,0,0,0,0,0,0,0,0,0,0,0,0,887,1133
Portugal,Blue shark,"Atlantic, Northwest",Capture production,Tonnes - live weight,0,0,0,0,0,0,0,0,0,0,0,0,0,0,0,0,0,0,0,0,169
Portugal,Blue shark,"Atlantic, Southeast",Capture production,Tonnes - live weight,0,0,0,0,0,0,0,0,0,0,0,0,0,0,0,21,0,0,8,468,1908
Portugal,Blue shark,"Atlantic, Southwest",Capture production,Tonnes - live weight,0,0,0,0,0,0,0,0,0,0,0,0,0,0,0,0,0,0,0,34,56
Portugal,Blue shark,"Atlantic, Western Central",Capture production,Tonnes - live weight,0,0,0,0,0,0,0,0,0,0,0,0,0,0,0,0,0,0,17,0,0
Portugal,Blue shark,"Indian Ocean, Eastern",Capture production,Tonnes - live weight,0,0,0,0,0,0,0,0,0,0,0,0,0,0,0,0,0,0,0,0,0
Portugal,Blue shark,"Indian Ocean, Western",Capture production,Tonnes - live weight,0,0,0,0,0,0,0,0,0,0,0,0,0,0,0,0,0,0,60,0,575
Portugal,Blue shark,Mediterranean and Black Sea,Capture production,Tonnes - live weight,0,0,0,0,0,0,0,0,0,0,0,0,0,0,0,0,0,0,0,0,3
Portugal,Blue shark,"Pacific, Eastern Central",Capture production,Tonnes - live weight,0,0,0,0,0,0,0,0,0,0,0,0,0,0,0,0,0,0,0,0,0
Portugal,Blue shark,"Pacific, Southeast",Capture production,Tonnes - live weight,0,0,0,0,0,0,0,0,0,0,0,0,0,0,0,0,0,0,0,0,0
Portugal,Blue shark,"Pacific, Southwest",Capture production,Tonnes - live weight,0,0,0,0,0,0,0,0,0,0,0,0,0,0,0,0,0,0,0,0,0
Portugal,Blue shark,"Pacific, Western Central",Capture production,Tonnes - live weight,0,0,0,0,0,0,0,0,0,0,0,0,0,0,0,0,0,0,0,0,0
Portugal,Bluntnose sixgill shark,"Atlantic, Eastern Central",Capture production,Tonnes - live weight,0,0,0,0,0,0,0,0,0,0,0,0,0,0,0,0,0,0,0,0,0
Portugal,Bluntnose sixgill shark,"Atlantic, Northeast",Capture production,Tonnes - live weight,0,0,0,0,0,0,0,0,0,0,0,0,0,0,0,0,0,0,0,0,0
Portugal,Bluntnose sixgill shark,"Atlantic, Southeast",Capture production,Tonnes - live weight,0,0,0,0,0,0,0,0,0,0,0,0,0,0,0,0,0,0,0,0,0
Portugal,Bramble shark,"Atlantic, Northeast",Capture production,Tonnes - live weight,0,0,0,0,0,0,0,0,0,0,0,0,0,0,0,0,0,0,0,0,0
Portugal,Brown ray,"Atlantic, Southeast",Capture production,Tonnes - live weight,0,0,0,0,0,0,0,0,0,0,0,0,0,0,0,0,0,0,0,0,0
Portugal,"Catsharks, etc. nei","Atlantic, Southeast",Capture production,Tonnes - live weight,0,0,0,0,0,0,0,0,0,0,0,0,0,0,0,0,0,0,0,0,0
Portugal,Common eagle ray,"Atlantic, Northeast",Capture production,Tonnes - live weight,0,0,0,0,0,0,0,0,0,0,0,0,0,0,0,0,0,0,0,11,8
Portugal,Crocodile shark,"Atlantic, Eastern Central",Capture production,Tonnes - live weight,0,0,0,0,0,0,0,0,0,0,0,0,0,0,0,0,0,0,0,0,0
Portugal,Dogfish sharks nei,"Atlantic, Eastern Central",Capture production,Tonnes - live weight,289,429,350,119,226,279,0,0,0,0,0,0,0,0,0,0,0,0,0,0,0
Portugal,Dogfish sharks nei,"Atlantic, Northeast",Capture production,Tonnes - live weight,1924,2266,1061,1259,2091,3052,1419,223,236,80,56,0,4,1210,889,1137,977,999,905,0,0
Portugal,Great white shark,"Atlantic, Eastern Central",Capture production,Tonnes - live weight,0,0,0,0,0,0,0,0,0,0,0,0,0,0,0,0,0,0,0,0,1
Portugal,Great white shark,"Atlantic, Southwest",Capture production,Tonnes - live weight,0,0,0,0,0,0,0,0,0,0,0,0,0,0,0,0,0,0,0,0,0
Portugal,Greenland shark,"Atlantic, Northeast",Capture production,Tonnes - live weight,0,0,0,0,0,0,0,1,0,0,0,0,0,9,1,11,0,0,0,0,0
Portugal,Greenland shark,"Atlantic, Northwest",Capture production,Tonnes - live weight,0,0,0,0,0,0,0,0,0,0,0,0,0,0,0,0,0,0,0,0,0
Portugal,Gulper shark,"Atlantic, Eastern Central",Capture production,Tonnes - live weight,0,0,0,0,0,0,0,0,0,0,0,0,0,0,0,0,0,0,0,0,0
Portugal,Gulper shark,"Atlantic, Northeast",Capture production,Tonnes - live weight,0,0,0,0,0,0,0,0,0,0,3081,2196,2620,2478,1028,1325,716,822,519,256,141
Portugal,Gulper shark,"Atlantic, Northwest",Capture production,Tonnes - live weight,0,0,0,0,0,0,0,0,0,0,0,0,0,0,0,0,0,0,0,0,0
Portugal,Gulper shark,"Indian Ocean, Western",Capture production,Tonnes - live weight,0,0,0,0,0,0,0,0,0,0,0,0,0,0,0,0,0,0,0,0,0
Portugal,"Hammerhead sharks, etc. nei","Indian Ocean, Eastern",Capture production,Tonnes - live weight,0,0,0,0,0,0,0,0,0,0,0,0,0,0,0,0,0,0,0,0,0
Portugal,"Hammerhead sharks, etc. nei","Indian Ocean, Western",Capture production,Tonnes - live weight,0,0,0,0,0,0,0,0,0,0,0,0,0,0,0,0,0,0,0,0,0
Portugal,Kitefin shark,"Atlantic, Eastern Central",Capture production,Tonnes - live weight,0,0,0,0,0,0,0,0,0,0,0,0,0,0,0,0,0,0,0,0,0
Portugal,Kitefin shark,"Atlantic, Northeast",Capture production,Tonnes - live weight,0,0,0,0,0,0,0,0,0,0,0,0,0,0,0,0,0,0,0,45,311
Portugal,Kitefin shark,"Atlantic, Northwest",Capture production,Tonnes - live weight,0,0,0,0,0,0,0,0,0,0,0,0,0,0,0,0,0,0,0,0,0
Portugal,Kitefin shark,"Pacific, Southwest",Capture production,Tonnes - live weight,0,0,0,0,0,0,0,0,0,0,0,0,0,0,0,0,0,0,0,0,0
Portugal,Leafscale gulper shark,"Atlantic, Eastern Central",Capture production,Tonnes - live weight,0,0,0,0,0,0,0,0,0,0,0,0,0,0,0,0,0,0,0,0,28
Portugal,Leafscale gulper shark,"Atlantic, Northeast",Capture production,Tonnes - live weight,0,0,0,0,0,0,0,0,0,0,1940,1485,1563,1255,2128,1923,1602,1489,1409,1666,1937
Portugal,Longnosed skate,"Atlantic, Northeast",Capture production,Tonnes - live weight,0,0,0,0,0,0,0,0,0,0,0,0,0,0,0,0,0,0,0,0,0
Portugal,Lowfin gulper shark,"Atlantic, Eastern Central",Capture production,Tonnes - live weight,0,0,0,0,0,0,0,0,0,0,0,0,0,0,0,0,0,0,0,0,0
Portugal,Lowfin gulper shark,"Atlantic, Northeast",Capture production,Tonnes - live weight,0,0,0,0,0,0,0,0,0,0,0,0,0,0,0,0,0,0,0,0,0
Portugal,Oceanic whitetip shark,"Atlantic, Eastern Central",Capture production,Tonnes - live weight,0,0,0,0,0,0,0,0,0,0,0,0,0,0,0,0,0,0,0,0,0
Portugal,Oceanic whitetip shark,"Atlantic, Southwest",Capture production,Tonnes - live weight,0,0,0,0,0,0,0,0,0,0,0,0,0,0,0,0,0,0,0,0,0
Portugal,Oceanic whitetip shark,"Indian Ocean, Western",Capture production,Tonnes - live weight,0,0,0,0,0,0,0,0,0,0,0,0,0,0,0,0,0,0,0,0,0
Portugal,Rays and skates nei,"Atlantic, Northeast",Capture production,Tonnes - live weight,1708,1653,1608,1573,1931,1820,1720,2917,2351,1917,1601,1427,1595,1696,1467,1599,1665,1711,1703,1544,1654
Portugal,Rays and skates nei,"Atlantic, Northwest",Capture production,Tonnes - live weight,112,16,1,0,7,0,742,3256,1075,652,13557,23304,7019,7605,6239,2060,794,904,1104,2168,671
Portugal,"Rays, stingrays, mantas nei","Atlantic, Eastern Central",Capture production,Tonnes - live weight,28,32,61,93,103,105,11,9,45,21,55,112,112,57,24,57,126,239,155,74,0
Portugal,"Rays, stingrays, mantas nei","Atlantic, Southeast",Capture production,Tonnes - live weight,32,20,6,10,2,15,55,14,93,87,0,0,0,0,0,0,0,0,0,0,0
Portugal,"Rays, stingrays, mantas nei","Atlantic, Southwest",Capture production,Tonnes - live weight,0,0,0,0,0,0,0,4,468,24,26,13,13,11,28,80,135,18,34,0,0
Portugal,Requiem sharks nei,"Atlantic, Eastern Central",Capture production,Tonnes - live weight,0,0,0,0,0,0,0,0,0,0,0,0,0,0,0,0,0,0,0,0,0
Portugal,Requiem sharks nei,"Atlantic, Southeast",Capture production,Tonnes - live weight,0,0,0,0,0,0,0,0,0,0,0,0,0,0,0,0,0,0,0,0,19
Portugal,Requiem sharks nei,"Atlantic, Southwest",Capture production,Tonnes - live weight,0,0,0,0,0,0,0,0,0,0,0,0,0,0,0,0,0,0,0,0,11
Portugal,Requiem sharks nei,"Indian Ocean, Western",Capture production,Tonnes - live weight,0,0,0,0,0,0,0,0,0,0,0,0,0,0,0,0,0,0,0,0,0
Portugal,Sandy ray,"Atlantic, Northeast",Capture production,Tonnes - live weight,0,0,0,0,0,0,0,0,0,0,0,0,0,0,0,0,0,0,0,0,0
Portugal,"Sharks, rays, skates, etc. nei","Atlantic, Eastern Central",Capture production,Tonnes - live weight,2,83,27,14,63,35,94,4,21,32,125,236,236,170,93,859,2366,1127,849,737,140
Portugal,"Sharks, rays, skates, etc. nei","Atlantic, Northeast",Capture production,Tonnes - live weight,0,0,0,0,0,0,2103,370,839,647,862,2029,1665,1047,969,1853,1659,1874,1882,353,297
Portugal,"Sharks, rays, skates, etc. nei","Atlantic, Northwest",Capture production,Tonnes - live weight,0,0,0,0,0,0,0,0,0,0,0,0,0,0,0,0,0,0,0,103,1
Portugal,"Sharks, rays, skates, etc. nei","Atlantic, Southeast",Capture production,Tonnes - live weight,0,0,0,0,0,0,0,0,0,0,0,0,0,0,0,12,0,0,0,0,1
Portugal,"Sharks, rays, skates, etc. nei","Atlantic, Southwest",Capture production,Tonnes - live weight,0,0,0,0,0,0,0,0,0,0,0,0,0,0,0,0,0,114,103,3,0
Portugal,"Sharks, rays, skates, etc. nei","Atlantic, Western Central",Capture production,Tonnes - live weight,0,0,0,0,0,0,0,0,0,0,0,0,0,0,0,0,0,0,0,22,0
Portugal,"Sharks, rays, skates, etc. nei","Indian Ocean, Eastern",Capture production,Tonnes - live weight,0,0,0,0,0,0,0,0,0,0,0,0,0,0,0,0,0,0,0,0,0
Portugal,"Sharks, rays, skates, etc. nei","Indian Ocean, Western",Capture production,Tonnes - live weight,0,0,0,0,0,0,0,0,0,0,0,0,0,0,0,0,0,0,262,487,354
Portugal,"Sharks, rays, skates, etc. nei",Mediterranean and Black Sea,Capture production,Tonnes - live weight,0,0,0,0,0,0,0,0,0,0,0,0,0,0,0,0,0,0,0,0,3
Portugal,"Sharks, rays, skates, etc. nei","Pacific, Southeast",Capture production,Tonnes - live weight,0,0,0,0,0,0,0,0,0,0,0,0,0,0,0,0,0,0,0,0,0
Portugal,Silky shark,"Atlantic, Eastern Central",Capture production,Tonnes - live weight,0,0,0,0,0,0,0,0,0,0,0,0,0,0,0,0,0,0,0,0,0
Portugal,Silky shark,"Atlantic, Southwest",Capture production,Tonnes - live weight,0,0,0,0,0,0,0,0,0,0,0,0,0,0,0,0,0,0,0,0,0
Portugal,Silky shark,"Indian Ocean, Western",Capture production,Tonnes - live weight,0,0,0,0,0,0,0,0,0,0,0,0,0,0,0,0,0,0,0,0,0
Portugal,Small-eyed ray,"Atlantic, Northeast",Capture production,Tonnes - live weight,0,0,0,0,0,0,0,0,0,0,0,0,0,0,0,0,0,0,0,0,0
Portugal,Spiny butterfly ray,"Atlantic, Northeast",Capture production,Tonnes - live weight,0,0,0,0,0,0,0,0,0,0,0,0,0,0,0,0,0,0,0,3,2
Portugal,Spotted ray,"Atlantic, Northeast",Capture production,Tonnes - live weight,0,0,0,0,0,0,0,0,0,0,0,0,0,0,0,0,0,0,0,0,0
Portugal,"Stingrays, butterfly rays nei","Atlantic, Northeast",Capture production,Tonnes - live weight,0,0,0,0,0,0,0,0,0,0,0,0,0,0,0,0,0,0,0,1,3
Portugal,Thornback ray,"Atlantic, Eastern Central",Capture production,Tonnes - live weight,0,0,0,0,0,0,0,0,0,0,0,0,0,0,0,0,0,0,0,0,0
Portugal,Thornback ray,"Atlantic, Northeast",Capture production,Tonnes - live weight,0,0,0,0,0,0,0,0,0,0,0,0,0,0,0,0,0,0,0,0,0
Portugal,Tope shark,"Atlantic, Eastern Central",Capture production,Tonnes - live weight,0,0,0,0,0,0,0,0,0,0,0,0,0,0,0,0,0,0,0,0,2
Portugal,Tope shark,"Atlantic, Northeast",Capture production,Tonnes - live weight,0,0,0,0,0,0,0,0,0,0,0,0,0,0,0,0,0,0,0,0,0
Portugal,Torpedo rays,"Atlantic, Northeast",Capture production,Tonnes - live weight,0,0,0,0,0,0,0,0,0,0,0,0,0,0,0,0,0,0,0,36,33
Portugal,Undulate ray,"Atlantic, Northeast",Capture production,Tonnes - live weight,0,0,0,0,0,0,0,0,0,0,0,0,0,0,0,0,0,0,0,0,0
Russian Federation,Antarctic starry skate,"Pacific, Antarctic",Capture production,Tonnes - live weight,0,0,0,0,0,0,0,0,0,0,0,0,0,0,0,0,0,0,0,0,0
Russian Federation,Blue shark,"Atlantic, Eastern Central",Capture production,Tonnes - live weight,0,0,0,0,0,0,0,0,0,0,0,0,0,0,0,0,0,0,0,0,0
Russian Federation,Dogfish sharks nei,"Atlantic, Northwest",Capture production,Tonnes - live weight,0,0,0,0,0,0,0,0,407,171,282,169,27,0,0,0,0,0,0,0,0
Russian Federation,Eaton's skate,"Atlantic, Antarctic",Capture production,Tonnes - live weight,0,0,0,0,0,0,0,0,0,0,0,0,0,0,0,0,0,0,0,0,0
Russian Federation,Greenland shark,"Atlantic, Northwest",Capture production,Tonnes - live weight,0,0,0,0,0,0,0,0,0,0,0,0,0,0,0,0,0,0,0,0,0
Russian Federation,Rays and skates nei,"Atlantic, Northeast",Capture production,Tonnes - live weight,0,0,0,0,0,0,0,0,3698,2102,454,0,580,502,626,0,0,476,929,815,907
Russian Federation,Rays and skates nei,"Atlantic, Northwest",Capture production,Tonnes - live weight,0,0,0,0,0,0,0,0,2864,1195,931,313,199,14,0,6,7,0,3,160,3578
Russian Federation,"Rays, stingrays, mantas nei","Atlantic, Antarctic",Capture production,Tonnes - live weight,0,0,0,0,0,0,0,0,0,0,0,0,1,0,0,0,0,0,0,0,0
Russian Federation,"Rays, stingrays, mantas nei","Atlantic, Southeast",Capture production,Tonnes - live weight,0,0,0,0,0,0,0,0,772,3613,0,14,0,0,0,0,0,0,8,0,0
Russian Federation,"Rays, stingrays, mantas nei","Atlantic, Southwest",Capture production,Tonnes - live weight,0,0,0,0,0,0,0,0,106,387,204,560,0,0,0,0,0,0,0,0,0
Russian Federation,"Rays, stingrays, mantas nei","Indian Ocean, Western",Capture production,Tonnes - live weight,0,0,0,0,0,0,0,0,10,9,0,0,0,0,0,0,0,0,0,0,0
Russian Federation,"Rays, stingrays, mantas nei",Mediterranean and Black Sea,Capture production,Tonnes - live weight,0,0,0,0,0,0,0,0,183,252,280,80,54,20,24,14,22,16,18,40,13
Russian Federation,"Rays, stingrays, mantas nei","Pacific, Antarctic",Capture production,Tonnes - live weight,0,0,0,0,0,0,0,0,0,0,0,0,0,0,0,0,0,0,0,0,0
Russian Federation,"Rays, stingrays, mantas nei","Pacific, Northwest",Capture production,Tonnes - live weight,0,0,0,0,0,0,0,0,0,0,0,0,0,0,0,6,6,9,8,304,1427
Russian Federation,"Sharks, rays, skates, etc. nei","Atlantic, Eastern Central",Capture production,Tonnes - live weight,0,0,0,0,0,0,0,0,542,232,158,0,0,0,0,0,0,0,101,11,0
Russian Federation,"Sharks, rays, skates, etc. nei","Atlantic, Northeast",Capture production,Tonnes - live weight,0,0,0,0,0,0,0,0,37,15,0,0,0,0,0,0,0,0,0,0,0
Russian Federation,"Sharks, rays, skates, etc. nei","Atlantic, Southeast",Capture production,Tonnes - live weight,0,0,0,0,0,0,0,0,178,219,27,15,0,0,0,0,0,0,0,0,0
Russian Federation,"Sharks, rays, skates, etc. nei","Indian Ocean, Western",Capture production,Tonnes - live weight,0,0,0,0,0,0,0,0,0,0,1,0,0,0,0,0,0,0,0,0,0
Russian Federation,"Sharks, rays, skates, etc. nei",Mediterranean and Black Sea,Capture production,Tonnes - live weight,0,0,0,0,0,0,0,0,164,135,183,67,15,5,11,90,19,9,6,9,12
Russian Federation,"Sharks, rays, skates, etc. nei","Pacific, Northwest",Capture production,Tonnes - live weight,0,0,0,0,0,0,0,0,0,0,0,0,0,0,0,0,0,0,0,10,0
Russian Federation,Various sharks nei,"Atlantic, Northeast",Capture production,Tonnes - live weight,0,0,0,0,0,0,0,0,0,0,0,0,0,0,0,0,0,0,0,0,0
Spain,Angelshark,"Atlantic, Northeast",Capture production,Tonnes - live weight,0,0,0,0,0,0,0,0,0,0,0,0,0,0,0,0,0,0,0,0,0
Spain,Antarctic starry skate,"Indian Ocean, Antarctic",Capture production,Tonnes - live weight,0,0,0,0,0,0,0,0,0,0,0,0,0,0,0,0,0,0,0,0,0
Spain,Antarctic starry skate,"Pacific, Antarctic",Capture production,Tonnes - live weight,0,0,0,0,0,0,0,0,0,0,0,0,0,0,0,0,0,0,0,0,0
Spain,Arctic skate,"Atlantic, Northeast",Capture production,Tonnes - live weight,0,0,0,0,0,0,0,0,0,0,0,0,0,0,0,0,0,0,0,0,0
Spain,Arrowhead dogfish,"Atlantic, Eastern Central",Capture production,Tonnes - live weight,0,0,0,0,0,0,0,0,0,0,0,0,0,0,0,0,0,0,0,0,0
Spain,Basking shark,"Atlantic, Eastern Central",Capture production,Tonnes - live weight,0,0,0,0,0,0,0,0,0,0,0,0,0,0,0,0,0,0,0,0,0
Spain,Basking shark,Mediterranean and Black Sea,Capture production,Tonnes - live weight,0,0,0,0,0,0,0,0,0,0,0,0,0,0,0,0,2,6,6,0,0
Spain,Blackmouth catshark,"Atlantic, Northeast",Capture production,Tonnes - live weight,0,0,0,0,0,0,0,0,0,0,0,0,0,0,0,0,0,0,0,0,0
Spain,Blackmouth catshark,Mediterranean and Black Sea,Capture production,Tonnes - live weight,0,0,0,0,0,0,0,0,0,0,0,0,0,0,0,0,0,0,0,0,0
Spain,Blonde ray,"Atlantic, Northeast",Capture production,Tonnes - live weight,0,0,0,0,0,0,0,0,0,0,0,0,0,0,0,0,0,0,0,0,0
Spain,Blonde ray,Mediterranean and Black Sea,Capture production,Tonnes - live weight,0,0,0,0,0,0,0,0,0,0,0,0,0,0,0,0,0,0,0,0,0
Spain,Blue shark,"Atlantic, Eastern Central",Capture production,Tonnes - live weight,0,0,0,0,0,0,0,0,0,0,0,0,0,0,0,0,0,10483,9123,9225,9336
Spain,Blue shark,"Atlantic, Northeast",Capture production,Tonnes - live weight,0,0,0,0,0,0,0,0,0,0,0,0,0,0,0,0,0,12315,12963,12586,14776
Spain,Blue shark,"Atlantic, Northwest",Capture production,Tonnes - live weight,0,0,0,0,0,0,0,0,0,0,0,0,0,0,0,0,0,0,0,0,0
Spain,Blue shark,"Atlantic, Southeast",Capture production,Tonnes - live weight,0,0,0,0,0,0,0,0,0,0,0,0,0,0,0,0,0,3556,3639,5285,4194
Spain,Blue shark,"Atlantic, Southwest",Capture production,Tonnes - live weight,0,0,0,0,0,0,0,0,0,0,0,0,0,0,0,0,0,1717,1935,1889,2756
Spain,Blue shark,"Atlantic, Western Central",Capture production,Tonnes - live weight,0,0,0,0,0,0,0,0,0,0,0,0,0,0,0,0,0,1700,418,0,0
Spain,Blue shark,"Indian Ocean, Eastern",Capture production,Tonnes - live weight,0,0,0,0,0,0,0,0,0,0,0,0,0,0,0,0,0,0,0,0,0
Spain,Blue shark,"Indian Ocean, Western",Capture production,Tonnes - live weight,0,0,0,0,0,0,0,0,0,0,0,0,0,0,0,0,0,0,0,2879,3031
Spain,Blue shark,Mediterranean and Black Sea,Capture production,Tonnes - live weight,0,0,0,0,0,0,0,0,0,0,0,0,0,0,0,0,0,146,59,20,31
Spain,Blue shark,"Pacific, Eastern Central",Capture production,Tonnes - live weight,0,0,0,0,0,0,0,0,0,0,0,0,0,0,0,0,0,0,0,0,0
Spain,Blue shark,"Pacific, Southeast",Capture production,Tonnes - live weight,0,0,0,0,0,0,0,0,0,0,0,0,0,0,0,0,0,0,814,0,0
Spain,Blue shark,"Pacific, Southwest",Capture production,Tonnes - live weight,0,0,0,0,0,0,0,0,0,0,0,0,0,0,0,0,0,0,0,0,0
Spain,Blue shark,"Pacific, Western Central",Capture production,Tonnes - live weight,0,0,0,0,0,0,0,0,0,0,0,0,0,0,0,0,0,0,0,0,0
Spain,Blue skate,"Atlantic, Northeast",Capture production,Tonnes - live weight,0,0,0,0,0,0,0,0,0,0,0,0,0,0,0,0,0,0,0,0,0
Spain,Bluntnose sixgill shark,"Atlantic, Northwest",Capture production,Tonnes - live weight,0,0,0,0,0,0,0,0,0,0,0,0,0,0,0,0,0,0,0,0,0
Spain,Brown ray,"Atlantic, Eastern Central",Capture production,Tonnes - live weight,0,0,0,0,0,0,0,0,0,0,0,0,0,0,0,0,0,0,0,0,0
Spain,"Catsharks, etc. nei","Atlantic, Northeast",Capture production,Tonnes - live weight,0,0,0,0,0,0,0,0,0,0,0,0,0,0,0,0,0,0,0,0,0
Spain,"Catsharks, nursehounds nei","Atlantic, Northeast",Capture production,Tonnes - live weight,0,0,0,0,0,0,0,0,0,0,0,0,0,0,0,0,0,0,0,0,0
Spain,"Catsharks, nursehounds nei",Mediterranean and Black Sea,Capture production,Tonnes - live weight,0,0,0,0,0,0,0,0,0,0,0,0,0,0,0,0,0,0,0,213,331
Spain,"Chimaeras, etc. nei","Atlantic, Eastern Central",Capture production,Tonnes - live weight,0,0,0,0,0,0,0,0,0,0,0,0,0,0,0,0,0,0,0,0,0
Spain,"Chimaeras, etc. nei","Atlantic, Northeast",Capture production,Tonnes - live weight,0,0,0,0,0,0,0,0,0,0,0,0,0,0,0,0,0,0,0,0,0
Spain,Common guitarfish,"Atlantic, Eastern Central",Capture production,Tonnes - live weight,0,0,0,0,0,0,0,0,0,0,0,0,0,0,0,0,0,0,0,0,0
Spain,Dogfish sharks nei,"Atlantic, Northeast",Capture production,Tonnes - live weight,0,0,8,653,0,0,0,0,0,0,0,0,0,0,0,0,534,1226,627,321,419
Spain,Dogfish sharks nei,"Atlantic, Northwest",Capture production,Tonnes - live weight,78,37,58,0,0,0,0,0,0,0,0,0,0,0,0,0,138,211,608,550,493
Spain,Dogfish sharks nei,Mediterranean and Black Sea,Capture production,Tonnes - live weight,0,0,0,0,0,0,0,0,0,0,0,0,0,0,0,0,4,5,0,68,11
Spain,Eagle rays nei,"Atlantic, Northeast",Capture production,Tonnes - live weight,0,0,0,0,0,0,0,0,0,0,0,0,0,0,0,0,0,0,0,0,0
Spain,Eagle rays nei,Mediterranean and Black Sea,Capture production,Tonnes - live weight,0,0,0,0,0,0,0,0,0,0,0,0,0,0,0,0,0,0,0,0,0
Spain,Eaton's skate,"Pacific, Antarctic",Capture production,Tonnes - live weight,0,0,0,0,0,0,0,0,0,0,0,0,0,0,0,0,0,0,0,0,0
Spain,Greenland shark,"Atlantic, Northwest",Capture production,Tonnes - live weight,0,0,0,0,0,0,0,0,0,0,0,0,0,0,0,0,0,0,0,0,0
Spain,Gulper shark,"Atlantic, Northeast",Capture production,Tonnes - live weight,0,0,0,0,0,0,0,0,0,0,0,0,0,0,0,0,0,0,0,0,0
Spain,Gulper shark,"Indian Ocean, Western",Capture production,Tonnes - live weight,0,0,0,0,0,0,0,0,0,0,0,0,0,0,0,0,0,0,0,0,0
Spain,Gulper shark,Mediterranean and Black Sea,Capture production,Tonnes - live weight,0,0,0,0,0,0,0,0,0,0,0,0,0,0,0,0,0,0,0,0,0
Spain,"Hammerhead sharks, etc. nei","Atlantic, Eastern Central",Capture production,Tonnes - live weight,0,0,0,0,0,0,0,0,0,0,0,0,0,0,0,0,0,805,739,0,0
Spain,"Hammerhead sharks, etc. nei","Atlantic, Southwest",Capture production,Tonnes - live weight,0,0,0,0,0,0,0,0,0,0,0,0,0,0,0,0,0,0,0,0,0
Spain,"Hammerhead sharks, etc. nei","Atlantic, Western Central",Capture production,Tonnes - live weight,0,0,0,0,0,0,0,0,0,0,0,0,0,0,0,0,0,3,2,0,0
Spain,"Hammerhead sharks, etc. nei","Indian Ocean, Eastern",Capture production,Tonnes - live weight,0,0,0,0,0,0,0,0,0,0,0,0,0,0,0,0,0,0,0,0,0
Spain,"Hammerhead sharks, etc. nei","Indian Ocean, Western",Capture production,Tonnes - live weight,0,0,0,0,0,0,0,0,0,0,0,0,0,0,0,0,0,0,0,12,0
Spain,"Hammerhead sharks, etc. nei","Pacific, Southeast",Capture production,Tonnes - live weight,0,0,0,0,0,0,0,0,0,0,0,0,0,0,0,0,0,0,5,0,0
Spain,Kitefin shark,"Indian Ocean, Western",Capture production,Tonnes - live weight,0,0,0,0,0,0,0,0,0,0,0,0,0,0,0,0,0,0,0,0,0
Spain,Kitefin shark,"Pacific, Southwest",Capture production,Tonnes - live weight,0,0,0,0,0,0,0,0,0,0,0,0,0,0,0,0,0,0,0,0,0
Spain,Lanternsharks nei,"Atlantic, Northeast",Capture production,Tonnes - live weight,0,0,0,0,0,0,0,0,0,0,0,0,0,0,0,0,0,0,0,573,0
Spain,Leafscale gulper shark,"Atlantic, Northeast",Capture production,Tonnes - live weight,0,0,0,0,0,0,0,0,0,0,0,0,0,0,0,0,0,0,0,0,0
Spain,Little sleeper shark,"Atlantic, Northeast",Capture production,Tonnes - live weight,0,0,0,0,0,0,0,0,0,0,0,0,0,0,0,0,0,0,0,0,0
Spain,Longnosed skate,"Atlantic, Northeast",Capture production,Tonnes - live weight,0,0,0,0,0,0,0,0,0,0,0,0,0,0,0,0,0,0,0,0,0
Spain,Longnosed skate,Mediterranean and Black Sea,Capture production,Tonnes - live weight,0,0,0,0,0,0,0,0,0,0,0,0,0,0,0,0,0,0,0,0,0
Spain,Madeiran ray,"Atlantic, Eastern Central",Capture production,Tonnes - live weight,0,0,0,0,0,0,0,0,0,0,0,0,0,0,0,0,0,0,0,0,0
Spain,Mako sharks,"Atlantic, Northwest",Capture production,Tonnes - live weight,0,0,0,0,0,0,0,0,0,0,0,0,0,0,0,0,0,0,0,0,0
Spain,Mediterranean starry ray,"Atlantic, Northeast",Capture production,Tonnes - live weight,0,0,0,0,0,0,0,0,0,0,0,0,0,0,0,0,0,0,0,0,0
Spain,Mediterranean starry ray,Mediterranean and Black Sea,Capture production,Tonnes - live weight,0,0,0,0,0,0,0,0,0,0,0,0,0,0,0,0,0,0,0,0,0
Spain,Mouse catshark,"Atlantic, Northeast",Capture production,Tonnes - live weight,0,0,0,0,0,0,0,0,0,0,0,0,0,0,0,0,0,0,0,0,0
Spain,Rays and skates nei,"Atlantic, Northeast",Capture production,Tonnes - live weight,0,339,2361,1840,1691,1657,1573,1719,1649,1501,1791,1354,1884,1659,3825,1313,3972,10026,11912,14997,11158
Spain,Rays and skates nei,"Atlantic, Northwest",Capture production,Tonnes - live weight,28,273,46,660,1079,8402,10941,15966,9968,13158,5322,7095,209,2126,5485,4511,4578,9329,8106,9390,14075
Spain,Rays and skates nei,"Pacific, Antarctic",Capture production,Tonnes - live weight,0,0,0,0,0,0,0,0,0,0,0,0,0,0,0,0,0,0,0,0,0
Spain,"Rays, stingrays, mantas nei","Atlantic, Antarctic",Capture production,Tonnes - live weight,0,0,0,0,0,0,0,0,0,0,0,0,0,0,0,0,0,3,0,0,0
Spain,"Rays, stingrays, mantas nei","Atlantic, Eastern Central",Capture production,Tonnes - live weight,277,482,520,490,500,530,0,0,0,0,0,0,24,0,0,0,203,0,18,10,0
Spain,"Rays, stingrays, mantas nei","Atlantic, Southeast",Capture production,Tonnes - live weight,42,139,5,28,0,0,0,0,0,0,0,3,30,0,0,0,0,0,0,0,0
Spain,"Rays, stingrays, mantas nei","Atlantic, Southwest",Capture production,Tonnes - live weight,0,0,0,0,0,0,0,0,0,0,0,0,0,0,0,0,0,247,454,439,415
Spain,"Rays, stingrays, mantas nei","Indian Ocean, Antarctic",Capture production,Tonnes - live weight,0,0,0,0,0,0,0,0,0,0,0,0,0,0,0,0,0,0,0,0,0
Spain,"Rays, stingrays, mantas nei","Indian Ocean, Western",Capture production,Tonnes - live weight,0,0,0,0,0,0,0,0,0,0,0,0,0,0,0,0,0,0,0,0,0
Spain,"Rays, stingrays, mantas nei",Mediterranean and Black Sea,Capture production,Tonnes - live weight,0,0,0,0,0,0,0,505,359,0,0,0,0,0,0,0,248,288,289,501,536
Spain,"Rays, stingrays, mantas nei","Pacific, Antarctic",Capture production,Tonnes - live weight,0,0,0,0,0,0,0,0,0,0,0,0,0,0,0,0,0,0,0,0,0
Spain,"Rays, stingrays, mantas nei","Pacific, Southeast",Capture production,Tonnes - live weight,0,0,0,0,0,0,0,0,0,0,0,0,0,0,0,0,0,0,0,0,0
Spain,Requiem sharks nei,"Atlantic, Eastern Central",Capture production,Tonnes - live weight,0,0,0,0,0,0,0,0,0,0,0,0,0,0,0,0,0,0,0,0,0
Spain,Requiem sharks nei,"Atlantic, Southeast",Capture production,Tonnes - live weight,0,0,0,0,0,0,0,0,0,0,0,0,0,0,0,0,0,0,0,0,0
Spain,Requiem sharks nei,"Atlantic, Southwest",Capture production,Tonnes - live weight,0,0,0,0,0,0,0,0,0,0,0,0,0,0,0,0,0,0,0,0,0
Spain,Requiem sharks nei,"Indian Ocean, Eastern",Capture production,Tonnes - live weight,0,0,0,0,0,0,0,0,0,0,0,0,0,0,0,0,0,0,0,0,0
Spain,Requiem sharks nei,"Indian Ocean, Western",Capture production,Tonnes - live weight,0,0,0,0,0,0,0,0,0,0,0,0,0,0,0,0,0,43,810,104,14
Spain,Requiem sharks nei,"Pacific, Southeast",Capture production,Tonnes - live weight,0,0,0,0,0,0,0,0,0,0,0,0,0,0,0,0,0,0,0,0,0
Spain,Roughtail stingray,"Atlantic, Eastern Central",Capture production,Tonnes - live weight,0,0,0,0,0,0,0,0,0,0,0,0,0,0,0,0,0,0,0,0,0
Spain,Sailfin roughshark,"Atlantic, Northeast",Capture production,Tonnes - live weight,0,0,0,0,0,0,0,0,0,0,0,0,0,0,0,0,0,0,0,0,0
Spain,Sandy ray,"Atlantic, Northeast",Capture production,Tonnes - live weight,0,0,0,0,0,0,0,0,0,0,0,0,0,0,0,0,0,0,0,0,0
Spain,Shagreen ray,"Atlantic, Northeast",Capture production,Tonnes - live weight,0,0,0,0,0,0,0,0,0,0,0,0,0,0,0,0,0,0,0,0,0
Spain,"Sharks, rays, skates, etc. nei","Atlantic, Eastern Central",Capture production,Tonnes - live weight,738,389,450,425,388,400,0,0,0,0,0,0,3,0,0,0,3977,22166,370,0,0
Spain,"Sharks, rays, skates, etc. nei","Atlantic, Northwest",Capture production,Tonnes - live weight,0,0,0,0,0,0,0,0,0,0,0,0,0,0,0,0,0,0,0,0,0
Spain,"Sharks, rays, skates, etc. nei","Atlantic, Southeast",Capture production,Tonnes - live weight,5,5,0,0,0,0,0,0,0,2619,2619,64,22,35,50,60,0,0,0,0,0
Spain,"Sharks, rays, skates, etc. nei","Atlantic, Southwest",Capture production,Tonnes - live weight,0,0,0,0,0,0,0,203,724,695,791,1070,1223,838,469,395,225,1363,0,0,0
Spain,"Sharks, rays, skates, etc. nei","Atlantic, Western Central",Capture production,Tonnes - live weight,0,0,0,0,0,0,0,0,0,0,0,0,0,0,0,0,0,0,0,0,0
Spain,"Sharks, rays, skates, etc. nei","Indian Ocean, Eastern",Capture production,Tonnes - live weight,0,0,0,0,0,0,0,0,0,0,0,0,0,0,0,0,0,0,0,0,0
Spain,"Sharks, rays, skates, etc. nei","Indian Ocean, Western",Capture production,Tonnes - live weight,0,0,0,0,0,0,0,0,0,0,0,0,0,0,0,39,50,410,509,30,5
Spain,"Sharks, rays, skates, etc. nei",Mediterranean and Black Sea,Capture production,Tonnes - live weight,879,720,787,671,630,514,0,460,334,0,0,0,0,0,0,0,1277,1265,2067,633,392
Spain,"Sharks, rays, skates, etc. nei","Pacific, Eastern Central",Capture production,Tonnes - live weight,0,0,0,0,0,0,0,0,0,0,0,0,0,0,0,0,0,0,0,0,0
Spain,"Sharks, rays, skates, etc. nei","Pacific, Northwest",Capture production,Tonnes - live weight,0,0,0,0,0,0,0,0,0,0,0,0,0,0,0,0,0,0,0,0,0
Spain,"Sharks, rays, skates, etc. nei","Pacific, Southeast",Capture production,Tonnes - live weight,0,0,0,0,0,0,0,0,0,0,0,0,0,0,0,0,0,289,0,774,1776
Spain,"Sharks, rays, skates, etc. nei","Pacific, Southwest",Capture production,Tonnes - live weight,0,0,0,0,0,0,0,0,0,0,0,0,0,0,0,0,0,0,0,0,0
Spain,"Sharks, rays, skates, etc. nei","Pacific, Western Central",Capture production,Tonnes - live weight,0,0,0,0,0,0,0,0,0,0,0,0,0,0,0,0,0,0,0,0,0
Spain,Silky shark,"Atlantic, Eastern Central",Capture production,Tonnes - live weight,0,0,0,0,0,0,0,0,0,0,0,0,0,0,0,0,0,2,11,0,0
Spain,Silky shark,"Atlantic, Western Central",Capture production,Tonnes - live weight,0,0,0,0,0,0,0,0,0,0,0,0,0,0,0,0,0,0,0,0,0
Spain,Silky shark,"Pacific, Eastern Central",Capture production,Tonnes - live weight,0,0,0,0,0,0,0,0,0,0,0,0,0,0,0,0,0,0,0,0,0
Spain,Small-eyed ray,"Atlantic, Northeast",Capture production,Tonnes - live weight,0,0,0,0,0,0,0,0,0,0,0,0,0,0,0,0,0,0,0,0,0
Spain,Small-spotted catshark,"Atlantic, Northeast",Capture production,Tonnes - live weight,0,0,0,0,0,0,0,0,0,0,0,0,0,0,0,0,0,0,0,0,0
Spain,Small-spotted catshark,Mediterranean and Black Sea,Capture production,Tonnes - live weight,0,0,0,0,0,0,0,0,0,0,0,0,0,0,0,0,0,0,0,0,0
Spain,Spiny butterfly ray,Mediterranean and Black Sea,Capture production,Tonnes - live weight,0,0,0,0,0,0,0,0,0,0,0,0,0,0,0,0,0,0,0,0,0
Spain,Spotted ray,"Atlantic, Northeast",Capture production,Tonnes - live weight,0,0,0,0,0,0,0,0,0,0,0,0,0,0,0,0,0,0,0,0,0
Spain,Spotted ray,Mediterranean and Black Sea,Capture production,Tonnes - live weight,0,0,0,0,0,0,0,0,0,0,0,0,0,0,0,0,0,0,0,0,0
Spain,"Stingrays, butterfly rays nei","Atlantic, Northeast",Capture production,Tonnes - live weight,0,0,0,0,0,0,0,0,0,0,0,0,0,0,0,0,0,0,0,0,0
Spain,"Stingrays, butterfly rays nei",Mediterranean and Black Sea,Capture production,Tonnes - live weight,0,0,0,0,0,0,0,0,0,0,0,0,0,0,0,0,0,0,0,0,0
Spain,Thornback ray,"Atlantic, Northeast",Capture production,Tonnes - live weight,0,0,0,0,0,0,0,0,0,0,0,0,0,0,0,0,0,0,0,0,0
Spain,Thornback ray,Mediterranean and Black Sea,Capture production,Tonnes - live weight,0,0,0,0,0,0,0,0,0,0,0,0,0,0,0,0,0,0,0,0,0
Spain,Thresher sharks nei,"Atlantic, Eastern Central",Capture production,Tonnes - live weight,0,0,0,0,0,0,0,0,0,0,0,0,0,0,0,0,0,34,55,66,0
Spain,Thresher sharks nei,"Atlantic, Northeast",Capture production,Tonnes - live weight,0,0,0,0,0,0,0,0,0,0,0,0,0,0,0,0,0,0,0,0,0
Spain,Tiger shark,"Atlantic, Northeast",Capture production,Tonnes - live weight,0,0,0,0,0,0,0,0,0,0,0,0,0,0,0,0,0,0,0,0,0
Spain,Tope shark,"Atlantic, Eastern Central",Capture production,Tonnes - live weight,0,0,0,0,0,0,0,0,0,0,0,0,0,0,0,0,0,0,0,0,0
Spain,Tope shark,"Atlantic, Northeast",Capture production,Tonnes - live weight,0,0,0,0,0,0,0,0,0,0,0,0,0,0,0,0,0,0,0,0,0
Spain,Tope shark,"Atlantic, Southeast",Capture production,Tonnes - live weight,0,0,0,0,0,0,0,0,0,0,0,0,0,0,0,0,0,0,0,0,0
Spain,Tope shark,"Atlantic, Southwest",Capture production,Tonnes - live weight,0,0,0,0,0,0,0,0,0,0,0,0,0,0,0,0,0,0,0,0,0
Spain,Tope shark,Mediterranean and Black Sea,Capture production,Tonnes - live weight,0,0,0,0,0,0,0,0,0,0,0,0,0,0,0,0,0,0,0,0,0
Spain,Torpedo rays,"Atlantic, Northeast",Capture production,Tonnes - live weight,0,0,0,0,0,0,0,0,0,0,0,0,0,0,0,0,0,0,0,0,0
Spain,Undulate ray,"Atlantic, Eastern Central",Capture production,Tonnes - live weight,0,0,0,0,0,0,0,0,0,0,0,0,0,0,0,0,0,0,0,0,0
Spain,Undulate ray,"Atlantic, Northeast",Capture production,Tonnes - live weight,0,0,0,0,0,0,0,0,0,0,0,0,0,0,0,0,0,0,0,0,0
Spain,Various sharks nei,"Atlantic, Northeast",Capture production,Tonnes - live weight,0,8,2068,1349,1416,2215,3257,3169,3648,3440,3640,4992,6551,6914,10998,18101,3642,17466,7175,6554,13094
Spain,White skate,"Atlantic, Northeast",Capture production,Tonnes - live weight,0,0,0,0,0,0,0,0,0,0,0,0,0,0,0,0,0,0,0,0,0
Spain,White skate,Mediterranean and Black Sea,Capture production,Tonnes - live weight,0,0,0,0,0,0,0,0,0,0,0,0,0,0,0,0,0,0,0,0,0
Sweden,Rays and skates nei,"Atlantic, Northeast",Capture production,Tonnes - live weight,1,1,1,2,4,5,5,13,13,14,12,7,29,31,35,17,9,8,2,3,3
Sweden,"Sharks, rays, skates, etc. nei","Atlantic, Northeast",Capture production,Tonnes - live weight,0,0,0,0,0,0,0,0,0,0,0,0,1,0,0,0,0,0,0,0,0
Un. Sov. Soc. Rep.,Dogfish sharks nei,"Atlantic, Northwest",Capture production,Tonnes - live weight,351,516,27,359,291,694,214,116,0,0,0,0,0,0,0,0,0,0,0,0,0
Un. Sov. Soc. Rep.,Rays and skates nei,"Atlantic, Northeast",Capture production,Tonnes - live weight,132,3,1,0,1186,880,3770,4285,0,0,0,0,0,0,0,0,0,0,0,0,0
Un. Sov. Soc. Rep.,Rays and skates nei,"Atlantic, Northwest",Capture production,Tonnes - live weight,1752,1799,983,863,937,3412,7797,7649,0,0,0,0,0,0,0,0,0,0,0,0,0
Un. Sov. Soc. Rep.,"Rays, stingrays, mantas nei","Atlantic, Eastern Central",Capture production,Tonnes - live weight,507,0,0,0,0,0,0,0,0,0,0,0,0,0,0,0,0,0,0,0,0
Un. Sov. Soc. Rep.,"Rays, stingrays, mantas nei","Atlantic, Southeast",Capture production,Tonnes - live weight,1277,2524,2066,2525,2124,1649,1835,1819,0,0,0,0,0,0,0,0,0,0,0,0,0
Un. Sov. Soc. Rep.,"Rays, stingrays, mantas nei","Atlantic, Southwest",Capture production,Tonnes - live weight,206,0,0,0,42,0,0,26,0,0,0,0,0,0,0,0,0,0,0,0,0
Un. Sov. Soc. Rep.,"Rays, stingrays, mantas nei","Indian Ocean, Western",Capture production,Tonnes - live weight,286,758,370,1829,1565,254,265,222,0,0,0,0,0,0,0,0,0,0,0,0,0
Un. Sov. Soc. Rep.,"Rays, stingrays, mantas nei",Mediterranean and Black Sea,Capture production,Tonnes - live weight,1141,1023,1370,1186,1172,594,857,482,0,0,0,0,0,0,0,0,0,0,0,0,0
Un. Sov. Soc. Rep.,"Rays, stingrays, mantas nei","Pacific, Western Central",Capture production,Tonnes - live weight,95,149,119,102,0,0,0,0,0,0,0,0,0,0,0,0,0,0,0,0,0
Un. Sov. Soc. Rep.,"Sharks, rays, skates, etc. nei","Atlantic, Eastern Central",Capture production,Tonnes - live weight,3784,1129,458,1595,884,771,629,1210,0,0,0,0,0,0,0,0,0,0,0,0,0
Un. Sov. Soc. Rep.,"Sharks, rays, skates, etc. nei","Atlantic, Northeast",Capture production,Tonnes - live weight,26,0,0,0,0,0,0,180,0,0,0,0,0,0,0,0,0,0,0,0,0
Un. Sov. Soc. Rep.,"Sharks, rays, skates, etc. nei","Atlantic, Southeast",Capture production,Tonnes - live weight,866,2182,2020,1399,521,194,179,162,0,0,0,0,0,0,0,0,0,0,0,0,0
Un. Sov. Soc. Rep.,"Sharks, rays, skates, etc. nei","Indian Ocean, Eastern",Capture production,Tonnes - live weight,0,0,0,8,0,0,0,0,0,0,0,0,0,0,0,0,0,0,0,0,0
Un. Sov. Soc. Rep.,"Sharks, rays, skates, etc. nei","Indian Ocean, Western",Capture production,Tonnes - live weight,139,399,80,358,161,6,188,140,0,0,0,0,0,0,0,0,0,0,0,0,0
Un. Sov. Soc. Rep.,"Sharks, rays, skates, etc. nei",Mediterranean and Black Sea,Capture production,Tonnes - live weight,1655,1924,1715,902,1508,1720,1788,1772,0,0,0,0,0,0,0,0,0,0,0,0,0
Un. Sov. Soc. Rep.,"Sharks, rays, skates, etc. nei","Pacific, Eastern Central",Capture production,Tonnes - live weight,0,0,0,0,0,0,0,0,0,0,0,0,0,0,0,0,0,0,0,0,0
Un. Sov. Soc. Rep.,"Sharks, rays, skates, etc. nei","Pacific, Northwest",Capture production,Tonnes - live weight,0,0,0,0,0,0,0,0,0,0,0,0,0,0,0,0,0,0,0,0,0
Un. Sov. Soc. Rep.,"Sharks, rays, skates, etc. nei","Pacific, Southeast",Capture production,Tonnes - live weight,0,0,0,0,0,0,0,0,0,0,0,0,0,0,0,0,0,0,0,0,0
Un. Sov. Soc. Rep.,"Sharks, rays, skates, etc. nei","Pacific, Southwest",Capture production,Tonnes - live weight,382,0,0,0,0,0,0,0,0,0,0,0,0,0,0,0,0,0,0,0,0
Un. Sov. Soc. Rep.,"Sharks, rays, skates, etc. nei","Pacific, Western Central",Capture production,Tonnes - live weight,50,88,36,55,0,0,0,0,0,0,0,0,0,0,0,0,0,0,0,0,0
United Kingdom,"Angelsharks, sand devils nei","Atlantic, Northeast",Capture production,Tonnes - live weight,0,0,0,0,0,0,0,0,0,2,1,1,0,0,0,0,0,47,0,0,0
United Kingdom,Antarctic starry skate,"Atlantic, Antarctic",Capture production,Tonnes - live weight,0,0,0,0,0,0,0,0,0,0,0,0,0,0,0,0,0,0,0,0,0
United Kingdom,Arctic skate,"Atlantic, Northeast",Capture production,Tonnes - live weight,0,0,0,0,0,0,0,0,0,0,0,0,0,0,0,0,0,0,0,0,0
United Kingdom,Blonde ray,"Atlantic, Northeast",Capture production,Tonnes - live weight,0,0,0,0,0,0,0,0,0,0,0,0,0,0,0,0,0,0,0,0,0
United Kingdom,Blue shark,"Atlantic, Eastern Central",Capture production,Tonnes - live weight,0,0,0,0,0,0,0,0,0,0,0,0,0,0,0,0,0,0,0,0,0
United Kingdom,Blue shark,"Atlantic, Northeast",Capture production,Tonnes - live weight,0,0,0,0,0,0,0,0,0,0,0,0,0,0,0,0,0,0,0,0,12
United Kingdom,Blue shark,"Atlantic, Southeast",Capture production,Tonnes - live weight,0,0,0,0,0,0,0,0,0,0,0,0,0,0,0,0,0,0,0,0,0
United Kingdom,Blue shark,"Atlantic, Southwest",Capture production,Tonnes - live weight,0,0,0,0,0,0,0,0,0,0,0,0,0,0,0,0,0,0,0,0,0
United Kingdom,Blue shark,"Indian Ocean, Eastern",Capture production,Tonnes - live weight,0,0,0,0,0,0,0,0,0,0,0,0,0,0,0,0,0,0,0,0,0
United Kingdom,Blue shark,"Indian Ocean, Western",Capture production,Tonnes - live weight,0,0,0,0,0,0,0,0,0,0,0,0,0,0,0,0,0,0,0,0,0
United Kingdom,Blue skate,"Atlantic, Northeast",Capture production,Tonnes - live weight,0,0,0,0,0,0,0,0,0,0,0,0,0,0,0,0,0,0,0,0,0
United Kingdom,"Catsharks, etc. nei","Atlantic, Northeast",Capture production,Tonnes - live weight,0,0,0,0,0,0,0,0,0,0,0,0,0,0,0,0,0,0,0,0,0
United Kingdom,"Catsharks, nursehounds nei","Atlantic, Northeast",Capture production,Tonnes - live weight,0,0,0,0,0,0,0,0,0,0,0,0,0,0,0,0,0,0,0,0,0
United Kingdom,Dark-belly skate,"Atlantic, Antarctic",Capture production,Tonnes - live weight,0,0,0,0,0,0,0,0,0,0,0,0,0,0,0,0,0,0,0,0,0
United Kingdom,Dogfish sharks nei,"Atlantic, Northeast",Capture production,Tonnes - live weight,0,0,0,0,0,0,0,0,0,0,0,0,0,0,0,11,0,0,0,0,0
United Kingdom,Dogfish sharks nei,"Atlantic, Northwest",Capture production,Tonnes - live weight,0,0,0,0,0,0,0,0,0,0,0,0,0,0,0,0,0,0,4,0,0
United Kingdom,Dusky catshark,"Atlantic, Antarctic",Capture production,Tonnes - live weight,0,0,0,0,0,0,0,0,0,0,0,0,0,0,0,0,0,0,0,0,0
United Kingdom,Great lanternshark,"Atlantic, Northeast",Capture production,Tonnes - live weight,0,0,0,0,0,0,0,0,0,0,0,0,0,0,0,0,0,0,0,0,0
United Kingdom,Gulper shark,"Atlantic, Northeast",Capture production,Tonnes - live weight,0,0,0,0,0,0,0,0,0,0,0,0,0,0,0,0,0,0,0,0,0
United Kingdom,Kerguelen sandpaper skate,"Pacific, Antarctic",Capture production,Tonnes - live weight,0,0,0,0,0,0,0,0,0,0,0,0,0,0,0,0,0,0,0,0,0
United Kingdom,Kitefin shark,"Atlantic, Northeast",Capture production,Tonnes - live weight,0,0,0,0,0,0,0,0,0,0,0,0,0,0,0,0,0,0,0,0,0
United Kingdom,Leafscale gulper shark,"Atlantic, Northeast",Capture production,Tonnes - live weight,0,0,0,0,0,0,0,0,0,0,0,0,0,0,0,0,0,0,0,0,0
United Kingdom,Longnosed skate,"Atlantic, Northeast",Capture production,Tonnes - live weight,0,0,0,0,0,0,0,0,0,0,0,0,0,0,0,0,0,0,0,0,0
United Kingdom,Mako sharks,"Atlantic, Eastern Central",Capture production,Tonnes - live weight,0,0,0,0,0,0,0,0,0,0,0,0,0,0,0,0,0,0,0,0,0
United Kingdom,Norwegian skate,"Atlantic, Northeast",Capture production,Tonnes - live weight,0,0,0,0,0,0,0,0,0,0,0,0,0,0,0,0,0,0,0,0,0
United Kingdom,Rays and skates nei,"Atlantic, Northeast",Capture production,Tonnes - live weight,7233,6802,7011,7344,7916,8152,7900,9803,9104,8439,8331,7840,8043,7538,7781,8373,9157,8088,7532,6233,6457
United Kingdom,Rays and skates nei,"Atlantic, Northwest",Capture production,Tonnes - live weight,0,0,0,0,0,0,0,0,0,0,0,1,3,0,0,0,0,0,5,0,0
United Kingdom,"Rays, stingrays, mantas nei","Atlantic, Antarctic",Capture production,Tonnes - live weight,0,0,0,0,0,0,0,0,0,0,0,0,1,0,0,0,0,5,0,11,0
United Kingdom,"Rays, stingrays, mantas nei","Atlantic, Southwest",Capture production,Tonnes - live weight,0,0,0,0,0,0,0,29,180,47,0,1,0,29,3,12,8,17,13,40,17
United Kingdom,"Rays, stingrays, mantas nei","Pacific, Antarctic",Capture production,Tonnes - live weight,0,0,0,0,0,0,0,0,0,0,0,0,0,0,0,0,0,0,0,0,0
United Kingdom,Round ray,"Atlantic, Northeast",Capture production,Tonnes - live weight,0,0,0,0,0,0,0,0,0,0,0,0,0,0,0,0,0,0,0,0,0
United Kingdom,Sailfin roughshark,"Atlantic, Northeast",Capture production,Tonnes - live weight,0,0,0,0,0,0,0,0,0,0,0,0,0,0,0,0,0,0,0,0,0
United Kingdom,Sandy ray,"Atlantic, Northeast",Capture production,Tonnes - live weight,0,0,0,0,0,0,0,0,0,0,0,0,0,0,0,0,0,0,0,0,0
United Kingdom,Shagreen ray,"Atlantic, Northeast",Capture production,Tonnes - live weight,0,0,0,0,0,0,0,0,0,0,0,0,0,0,0,0,0,0,0,0,0
United Kingdom,"Sharks, rays, skates, etc. nei","Atlantic, Antarctic",Capture production,Tonnes - live weight,0,0,0,0,0,0,0,0,0,0,0,0,0,0,0,0,0,0,0,0,0
United Kingdom,"Sharks, rays, skates, etc. nei","Atlantic, Eastern Central",Capture production,Tonnes - live weight,0,0,0,0,0,0,0,0,0,0,0,0,0,0,0,0,0,0,0,0,0
United Kingdom,"Sharks, rays, skates, etc. nei","Atlantic, Southeast",Capture production,Tonnes - live weight,0,0,0,0,0,0,0,0,0,0,0,0,0,0,0,0,0,0,0,0,0
United Kingdom,"Sharks, rays, skates, etc. nei","Atlantic, Southwest",Capture production,Tonnes - live weight,0,0,0,0,0,0,0,0,0,0,0,0,0,0,0,0,0,16,31,0,0
United Kingdom,"Sharks, rays, skates, etc. nei","Indian Ocean, Eastern",Capture production,Tonnes - live weight,0,0,0,0,0,0,0,0,0,0,0,0,0,0,0,0,0,0,0,0,0
United Kingdom,"Sharks, rays, skates, etc. nei","Indian Ocean, Western",Capture production,Tonnes - live weight,0,0,0,0,0,0,0,0,0,0,0,0,0,0,0,0,0,0,0,0,0
United Kingdom,Silky shark,"Indian Ocean, Western",Capture production,Tonnes - live weight,0,0,0,0,0,0,0,0,0,0,0,0,0,0,0,0,0,0,0,0,0
United Kingdom,Small-eyed ray,"Atlantic, Northeast",Capture production,Tonnes - live weight,0,0,0,0,0,0,0,0,0,0,0,0,0,0,0,0,0,0,0,0,0
United Kingdom,Small-spotted catshark,"Atlantic, Northeast",Capture production,Tonnes - live weight,0,0,0,0,0,0,0,0,0,0,0,0,0,0,0,341,273,275,260,111,238
United Kingdom,Spotted ray,"Atlantic, Northeast",Capture production,Tonnes - live weight,0,0,0,0,0,0,0,0,0,0,0,0,0,0,0,0,0,0,0,0,0
United Kingdom,Starry ray,"Atlantic, Northeast",Capture production,Tonnes - live weight,0,0,0,0,0,0,0,0,0,0,0,0,0,0,0,0,0,0,0,0,0
United Kingdom,Thornback ray,"Atlantic, Northeast",Capture production,Tonnes - live weight,0,0,0,0,0,0,0,0,0,0,0,0,0,0,0,0,0,0,0,0,0
United Kingdom,Thresher sharks nei,"Atlantic, Northeast",Capture production,Tonnes - live weight,0,0,0,0,0,0,0,0,0,0,0,0,0,0,0,0,0,0,0,0,0
United Kingdom,Tope shark,"Atlantic, Northeast",Capture production,Tonnes - live weight,0,0,0,0,0,0,0,0,0,74,59,68,68,62,71,63,53,55,55,74,110
United Kingdom,Undulate ray,"Atlantic, Northeast",Capture production,Tonnes - live weight,0,0,0,0,0,0,0,0,0,0,0,0,0,0,0,0,0,0,0,0,0
United Kingdom,Various sharks nei,"Atlantic, Northeast",Capture production,Tonnes - live weight,56,74,101,41,29,17,23,27,311,60,57,378,1119,1393,1944,2339,2040,3865,2669,2342,954
United Kingdom,White skate,"Atlantic, Northeast",Capture production,Tonnes - live weight,0,0,0,0,0,0,0,0,0,0,0,0,0,0,0,0,0,0,0,0,0